conc,untreated,treated
0.05,0.027,0.053860813
0.2,0.127,0.231360085
0.4,0.21375,0.361856907
0.8,0.38175,0.623125142
1.5,0.641,1.22071289
3,1.0435,1.819511228
6,1.43425,2.857574078
12,1.788,2.847671517
