conc,abs 1,abs 2,abs 3,abs 4
0.04882812,0.017,0.045,0.011,0.035
0.1953125,0.121,0.137,0.118,0.132
0.390625,0.206,0.225,0.2,0.224
0.78125,0.377,0.401,0.364,0.385
1.5625,0.614,0.672,0.62,0.658
3.125,1.019,1.116,0.979,1.06
6.25,1.334,1.554,1.424,1.425
12.5,1.73,1.932,1.74,1.75
